Regions,Atlas #
1/2,348
10mc,312
10mr,345
10o,327
11l,301
11m,412
12l,431
12m,353
12o,448
12r,405
13a,367
13b,306
13l,316
13m,363
14c,486
14r,303
23a,325
23b,362
23c,383
24a,484
24a',309
24b,347
24b',483
24c,396
24c',485
25,415
29,314
30,482
31,321
32,343
35,377
36c,308
36p,410
36r,430
3a/b,435
44,392
45a,422
45b,441
46d,425
46v,374
7op,336
8Ad,446
8Av,349
8Bd,355
8Bm,300
8Bs,330
9d,335
9m,364
AI,378
AIP,409
AL,344
CL,453
CM,449
CPB,313
DP,404
EC,384
ECL,350
EI,365
ELc,467
ELr,464
EO,492
ER,326
F1,359
F2,451
F3,369
F4,444
F5,427
F6,401
F7,424
FST,351
G,333
IPa,463
Ia,305
Iai,426
Ial,379
Iam,360
Iapl,516
Iapm,417
Id,385
Ig,322
LIPd,428
LIPv,329
LOP,411
MIP,387
ML,323
MST,397
MT,393
Opt,419
PE,341
PEa,432
PEc,375
PEci,407
PF,389
PFG,389
PG,419
PGa,443
PGm,380
PIP,388
Pi,400
Pir,416
PrCO,406
R,370
RM,398
RPB,366
RT,418
RTL,447
RTM,434
RTp,413
Ri,522
SII,361
STGr,399
TAa,450
TEO,423
TEa,458
TEad,442
TEav,342
TEm,394
TEpd,390
TEpv,420
TF,440
TFO,372
TGa,438
TGdd,376
TGdg,408
TGsts,433
TGvd,357
TGvg,452
TH,493
TPO,457
Tpt,395
V1,332
V2,429
V3A,421
V3d,358
V3v,391
V4,318
V4t,337
V4v,373
V6,371
V6Ad,439
V6Av,354
VIP,328
v23b,315